Name,Glass,Ice,Method,Garnish,Recipe Source,Base,Taste,learining notes
Gin & Tonic,Highball,Cubed,Build,Lime Wedge,EBS Inter,Gin,,
Spirit & Mixer,Highball,Cubed,Build,"Lemon Wedge, Lime Wedge, None",EBS Inter,,,
Cuba Libre,Highball,Cubed,Build,Lime Wedge,EBS Inter,Rum,TBD,
Tequila Sunrise,Highball,Cubed,Build & Sink,None,EBS Inter,Tequila,Good,
Rusty Nail,Rocks,Cubed,Build,Lemon Zest,EBS Inter,Whisky,,
Godfather,Rocks,Cubed,Build,None,EBS Inter,Whisky,,italian movie
Black Russian,Rocks,Cubed,Build,None,EBS Inter,Vodka,,
White Russian,Rocks,Cubed,Build,None,EBS Inter,Vodka,,
Moscow Mule,"Cooper Mug, Highball",Cubed,Build,Lime Wedge,EBS Inter,Vodka,Good,
Woo Woo,Highball,Cubed,Build,Lime Wedge,EBS Inter,Vodka,Good,
Americano,Rocks,Cubed,Build & Stir,"Orange Slice, Orange Zest",EBS Inter,Liqueur,,
Screaming Orgasm,Rocks,Cubed,Shake & Strain,None,EBS Inter,Liqueur,,
El Diablo,Highball,Cubed,Build,Lime Wedge,EBS Inter,Tequila,,"311, ALE diablo"
Sex on the Beach,Highball,Cubed,Build,None,EBS Inter,Vodka,Good,easier to have sex without clothes
Cosmopolitan,Chilled Martini / Coupe,None,Shake & Fine Strain,Orange Zest,EBS Inter,Vodka,Good,"4C (Cointreau=Triple Sec, Citrus=Lime)"
Daiquiri,Chilled Martini / Coupe,None,Shake & Fine Strain,None,EBS Inter,Rum,Good,
French Martini,Chilled Martini / Coupe,None,Shake & Fine Strain,1 Raspberry,EBS Inter,Vodka,,
Lynchburg Lemonade,Highball,Cubed,Shake & Strain,Lemon Wedge,EBS Inter,Whisky,,
Horse’s Neck,Highball,Cubed,Build,Lemon Spiral,EBS Inter,Whisky,,Cowboy on horse
Tom Collins,Highball,Cubed,Shake & Strain,Lemon Wedge,EBS Inter,Gin,Good,
Long Island Iced Tea,Highball,Cubed,Shake & Strain,Lemon Wedge,EBS Inter,,,
Dry Martini,Chilled Martini / Coupe,None,Stir & Julep Strain,"Lemon Zest, Olives",EBS Inter,Vodka,,
Manhattan (Sweet),Chilled Martini / Coupe,None,Stir & Julep Strain,1 Cherry,EBS Inter,Whisky,,
Rob Roy,Chilled Martini / Coupe,None,Stir & Julep Strain,1 Cherry,EBS Inter,Whisky,,
Paloma,Highball,Cubed,Shake & Strain,Salt Rim & Grapefruit Slice,EBS Inter,Tequila,Good,
Margarita,Chilled Martini / Coupe,None,Shake & Fine Strain,Salt Rim (Full Half or None),EBS Inter,Tequila,Good,
Side Car,Chilled Martini / Coupe,None,Shake & Fine Strain,Sugar Rim (Full Half or None),EBS Inter,Wine,,
Amaretto Sour,Rocks,Cubed,Dry Shake Shake & Strain,Lemon Wedge & Cherry,EBS Inter,Liqueur,,
Whiskey Sour,Sour Glass / Rocks,None / Cubed,Dry Shake Shake & Fine Strain / Strain,Orange Zest & Cherry,EBS Inter,Whisky,,
Clover Club,Chilled Martini / Coupe,None,Dry Shake Shake & Fine Strain,1 Raspberry,EBS Inter,Gin,,
Mojito,Highball,Crushed,Muddle Bash Build & Churn,Mint Spring,EBS Inter,Rum,,
Caipirinha,Rocks,Crushed,Muddle Build & Churn,Lime Wedge,EBS Inter,Rum,,
Mint Julep,"Julep Tin, Rocks",Crushed,Soak Muddle Bash Build & Churn,Mint Spring,EBS Inter,Whisky,,
Bramble,Rocks,Crushed,Shake Strain & Float,Lemon Wedge & 2 Blackberries,EBS Inter,Gin,,
Gin Basil Smash,Rocks,Cubed,Shake & Fine Strain,Basil Leaf,EBS Inter,Gin,,
Southside,Chilled Martini / Coupe,None,Shake & Fine Strain,Single Mint Leaf,EBS Inter,Gin,,
B52,Shooter,None,Layer in Order,None,EBS Inter,Liqueur,Favourite,
Pornstar Martini,Chilled Martini / Coupe,None,Shake & Fine Strain,1/2 Passionfruit,EBS Inter,Vodka,Favourite,"russian, passionate, smell like vanilla"
Bellini,Champagne Flute,None,Build & Stir Gently,None,EBS Inter,Wine,,3P
French 75,Champagne Flute,None,Shake & Fine Strain,Lemon Zest,EBS Inter,Gin,,
Last Word,Chilled Martini / Coupe,None,Shake & Fine Strain,1 Cherry,EBS Inter,Gin,,"2 white 2 green, all 20"
Old Fashioned,Rocks,Cubed,Stir & Julep Strain,Orange Zest,EBS Inter,Whisky,,
Dark & Stormy,Highball,Cubed,Build & Float,Lime Wedge,EBS Inter,Rum,Mid,
Hemingway Daiquiri,Chilled Martini / Coupe,None,Shake & Fine Strain,1 Cherry,EBS Inter,Rum,,
White Lady,Chilled Martini / Coupe,None,Shake & Fine Strain,Lemon Zest,EBS Inter,Gin,,
Bloody Mary,Highball,None / Cubed,Roll,Celery Stick,EBS Inter,Vodka,,
Negroni,Rocks,Cubed,Stir & Julep Strain,"Orange Slice, Orange Zest",EBS Inter,Gin,,"americano for adults, neGroni"
Boulevardier,Rocks,Cubed,Stir & Julep Strain,"Orange Slice, Orange Zest",EBS Inter,Whisky,,negroni but BoulevardieR (Bourbon or rye)
Aperol Spritz,"Rocks, Wine",Cubed,Build In Order,Orange Slice,EBS Inter,Wine,,
Mimosa,Champagne Flute,None,Build,None,EBS Inter,Wine,,
Espresso Martini,Chilled Martini / Coupe,None,Shake & Fine Strain,3 Coffee Beans,EBS Inter,Vodka,,
Brandy Alexander,Chilled Martini / Coupe,None,Shake & Fine Strain,Grated Nutmeg,EBS Inter,Wine,,
Grasshopper,Chilled Martini / Coupe,None,Shake & Fine Strain,None,EBS Inter,Liqueur,,
Mai Tai,"Rocks, Tiki Mug",Crushed,Shake Strain & Float,Mint Spring,EBS Inter,Rum,Good,DR.COLOR
Kir Royal,Champagne Flute,None,Build,None,EBS Inter,Wine,,
Classic Champagne Cocktail,Champagne Flute,None,Soak & Build,None,EBS Inter,Wine,,3C
Blood & Sand,Chilled Martini / Coupe,None,Shake & Fine Strain,Orange Zest,EBS Inter,Whisky,,"2 red 2 orange, all 20"
Apple Martini,Chilled Martini / Coupe,None,Shake & Fine Strain,Lemon Zest,EBS Inter,Vodka,,
Kamikaze,Shooter,None,Shake & Fine Strain,None,EBS Inter,Vodka,,
Singapore Sling,"Highball, Sling",Cubed,Shake & Strain,Pineapple Wedge & Cherry,EBS Inter,Gin,,
Gimlet,Chilled Martini / Coupe,None,Stir & Julep Strain,Lime Zest,EBS Inter,Gin,,
Martinez,Chilled Martini / Coupe,None,Stir & Julep Strain,Lemon Zest,EBS Inter,Gin,,Oh my sweet god
Sazerac,"Old Fashioned, Rocks",None,Rinse Stir & Julep Strain,Lemon Zest,EBS Inter,Whisky,,
Zombie,"Highball, Tiki Mug",Crushed,Shake & Strain,Mint Spring,EBS Inter,Rum,Mid,
Piña Colada,"Highball, Hurricane",Cubed,Shake & Strain,Pineapple Wedge & Cherry,"EBS Inter, Internet",Rum,Favourite,
Lemon Drop,Shooter,None,Shake & Fine Strain,Sugar coated lemon wedge,EBS Inter,Vodka,Good,
Fog Cutter,Tiki Mug,Cubed,Shake & Strain,Pineapple Wedge & Cherry,EBS Extra,Rum,,