Name,Base,Garnish,Glass,Ice,Method,Recipe Source,Taste,learining notes
Gin & Tonic,Gin,Lime Wedge,Highball,Cubed,Build,EBS Inter,,
Spirit & Mixer,,"Lemon Wedge, Lime Wedge, None",Highball,Cubed,Build,EBS Inter,,
Cuba Libre,Rum,Lime Wedge,Highball,Cubed,Build,EBS Inter,TBD,
Tequila Sunrise,Tequila,None,Highball,Cubed,Build & Sink,EBS Inter,Good,
Rusty Nail,Whisky,Lemon Zest,Rocks,Cubed,Build,EBS Inter,,
Godfather,Whisky,None,Rocks,Cubed,Build,EBS Inter,,italian movie
Black Russian,Vodka,None,Rocks,Cubed,Build,EBS Inter,,
White Russian,Vodka,None,Rocks,Cubed,Build,EBS Inter,,
Mojito,Rum,Mint Spring,Highball,Crushed,Muddle Bash Build & Churn,EBS Inter,,
Aperol Spritz,Wine,Orange Slice,"Rocks, Wine",Cubed,Build In Order,EBS Inter,,
Piña Colada,Rum,Pineapple Wedge & Cherry,"Highball, Hurricane",Cubed,Shake & Strain,"EBS Inter, Internet",Favourite,
Moscow Mule,Vodka,Lime Wedge,"Cooper Mug, Highball",Cubed,Build,EBS Inter,Good,
Woo Woo,Vodka,Lime Wedge,Highball,Cubed,Build,EBS Inter,Good,
Americano,Liqueur,"Orange Slice, Orange Zest",Rocks,Cubed,Build & Stir,EBS Inter,,
Screaming Orgasm,Liqueur,None,Rocks,Cubed,Shake & Strain,EBS Inter,,
El Diablo,Tequila,Lime Wedge,Highball,Cubed,Build,EBS Inter,,"311, ALE diablo"
Sex on the Beach,Vodka,None,Highball,Cubed,Build,EBS Inter,Good,easier to have sex without clothes
Cosmopolitan,Vodka,Orange Zest,Chilled Martini / Coupe,None,Shake & Fine Strain,EBS Inter,Good,"4C (Cointreau=Triple Sec, Citrus=Lime)"
Daiquiri,Rum,None,Chilled Martini / Coupe,None,Shake & Fine Strain,EBS Inter,Good,
French Martini,Vodka,1 Raspberry,Chilled Martini / Coupe,None,Shake & Fine Strain,EBS Inter,,
Lynchburg Lemonade,Whisky,Lemon Wedge,Highball,Cubed,Shake & Strain,EBS Inter,,
Horse’s Neck,Whisky,Lemon Spiral,Highball,Cubed,Build,EBS Inter,,Cowboy on horse
Tom Collins,Gin,Lemon Wedge,Highball,Cubed,Shake & Strain,EBS Inter,Good,
Long Island Iced Tea,,Lemon Wedge,Highball,Cubed,Shake & Strain,EBS Inter,,
Dry Martini,Vodka,"Lemon Zest, Olives",Chilled Martini / Coupe,None,Stir & Julep Strain,EBS Inter,,
Manhattan (Sweet),Whisky,1 Cherry,Chilled Martini / Coupe,None,Stir & Julep Strain,EBS Inter,,
Rob Roy,Whisky,1 Cherry,Chilled Martini / Coupe,None,Stir & Julep Strain,EBS Inter,,
Paloma,Tequila,Salt Rim & Grapefruit Slice,Highball,Cubed,Shake & Strain,EBS Inter,Good,
Margarita,Tequila,Salt Rim (Full Half or None),Chilled Martini / Coupe,None,Shake & Fine Strain,EBS Inter,Good,
Side Car,Wine,Sugar Rim (Full Half or None),Chilled Martini / Coupe,None,Shake & Fine Strain,EBS Inter,,
Amaretto Sour,Liqueur,Lemon Wedge & Cherry,Rocks,Cubed,Dry Shake Shake & Strain,EBS Inter,,
Whiskey Sour,Whisky,Orange Zest & Cherry,Sour Glass / Rocks,None / Cubed,Dry Shake Shake & Fine Strain / Strain,EBS Inter,,
Clover Club,Gin,1 Raspberry,Chilled Martini / Coupe,None,Dry Shake Shake & Fine Strain,EBS Inter,,
Bramble,Gin,Lemon Wedge & 2 Blackberries,Rocks,Crushed,Shake Strain & Float,EBS Inter,,
Caipirinha,Rum,Lime Wedge,Rocks,Crushed,Muddle Build & Churn,EBS Inter,,
Mint Julep,Whisky,Mint Spring,"Julep Tin, Rocks",Crushed,Soak Muddle Bash Build & Churn,EBS Inter,,
Gin Basil Smash,Gin,Basil Leaf,Rocks,Cubed,Shake & Fine Strain,EBS Inter,,
Southside,Gin,Single Mint Leaf,Chilled Martini / Coupe,None,Shake & Fine Strain,EBS Inter,,
B52,Liqueur,None,Shooter,None,Layer in Order,EBS Inter,Favourite,
Pornstar Martini,Vodka,1/2 Passionfruit,Chilled Martini / Coupe,None,Shake & Fine Strain,EBS Inter,Favourite,"russian, passionate, smell like vanilla"
Bellini,Wine,None,Champagne Flute,None,Build & Stir Gently,EBS Inter,,3P
French 75,Gin,Lemon Zest,Champagne Flute,None,Shake & Fine Strain,EBS Inter,,
Last Word,Gin,1 Cherry,Chilled Martini / Coupe,None,Shake & Fine Strain,EBS Inter,,"2 white 2 green, all 20"
Old Fashioned,Whisky,Orange Zest,Rocks,Cubed,Stir & Julep Strain,EBS Inter,,
Dark & Stormy,Rum,Lime Wedge,Highball,Cubed,Build & Float,EBS Inter,Mid,
Hemingway Daiquiri,Rum,1 Cherry,Chilled Martini / Coupe,None,Shake & Fine Strain,EBS Inter,,
White Lady,Gin,Lemon Zest,Chilled Martini / Coupe,None,Shake & Fine Strain,EBS Inter,,
Bloody Mary,Vodka,Celery Stick,Highball,None / Cubed,Roll,EBS Inter,,
Negroni,Gin,"Orange Slice, Orange Zest",Rocks,Cubed,Stir & Julep Strain,EBS Inter,,"americano for adults, neGroni"
Boulevardier,Whisky,"Orange Slice, Orange Zest",Rocks,Cubed,Stir & Julep Strain,EBS Inter,,negroni but BoulevardieR (Bourbon or rye)
Mimosa,Wine,None,Champagne Flute,None,Build,EBS Inter,,
Espresso Martini,Vodka,3 Coffee Beans,Chilled Martini / Coupe,None,Shake & Fine Strain,EBS Inter,,
Brandy Alexander,Wine,Grated Nutmeg,Chilled Martini / Coupe,None,Shake & Fine Strain,EBS Inter,,
Grasshopper,Liqueur,None,Chilled Martini / Coupe,None,Shake & Fine Strain,EBS Inter,,
Mai Tai,Rum,Mint Spring,"Rocks, Tiki Mug",Crushed,Shake Strain & Float,EBS Inter,Good,DR.COLOR
Kir Royal,Wine,None,Champagne Flute,None,Build,EBS Inter,,
Classic Champagne Cocktail,Wine,None,Champagne Flute,None,Soak & Build,EBS Inter,,3C
Blood & Sand,Whisky,Orange Zest,Chilled Martini / Coupe,None,Shake & Fine Strain,EBS Inter,,"2 red 2 orange, all 20"
Apple Martini,Vodka,Lemon Zest,Chilled Martini / Coupe,None,Shake & Fine Strain,EBS Inter,,
Kamikaze,Vodka,None,Shooter,None,Shake & Fine Strain,EBS Inter,,
Singapore Sling,Gin,Pineapple Wedge & Cherry,"Highball, Sling",Cubed,Shake & Strain,EBS Inter,,
Gimlet,Gin,Lime Zest,Chilled Martini / Coupe,None,Stir & Julep Strain,EBS Inter,,
Martinez,Gin,Lemon Zest,Chilled Martini / Coupe,None,Stir & Julep Strain,EBS Inter,,Oh my sweet god
Sazerac,Whisky,Lemon Zest,"Old Fashioned, Rocks",None,Rinse Stir & Julep Strain,EBS Inter,,
Zombie,Rum,Mint Spring,"Highball, Tiki Mug",Crushed,Shake & Strain,EBS Inter,Mid,
Lemon Drop,Vodka,Sugar coated lemon wedge,Shooter,None,Shake & Fine Strain,EBS Inter,Good,
Fog Cutter,Rum,Pineapple Wedge & Cherry,Tiki Mug,Cubed,Shake & Strain,EBS Extra,,